{"cameraMode":{"drawMode":0,"name":"Shaded","section":"Shading Mode"},"sceneLighting":true,"audioPlay":false,"sceneViewState":{"m_AlwaysRefresh":false,"showFog":true,"showSkybox":true,"showFlares":true,"showImageEffects":true,"showParticleSystems":true,"showVisualEffectGraphs":true,"m_FxEnabled":true},"in2DMode":false,"pivot":{"x":678.4376220703125,"y":217.11444091796876,"z":1148.3580322265625},"rotation":{"x":0.010319937020540238,"y":-0.9759528636932373,"z":0.21292658150196076,"w":0.047158289700746539},"size":29.21023941040039,"orthographic":false}